{"joke0": 0.0815680766841, "joke1": 0, "joke2": 0.2710116, "joke3": 0, "joke4": 0, "joke5": 0, "joke6": 0, "joke7": 0.0967559473, "joke8": 0.01203434, "joke9": 0.999716461, "joke10": 0, "joke11": 0, "joke12": 0.9998611}